BRT,Max TemperatureC,Mean TemperatureC,Min TemperatureC,Dew PointC,MeanDew PointC,Min DewpointC,Max Humidity, Mean Humidity, Min Humidity, Max Sea Level PressurehPa, Mean Sea Level PressurehPa, Min Sea Level PressurehPa, Max VisibilityKm, Mean VisibilityKm, Min VisibilitykM, Max Wind SpeedKm/h, Mean Wind SpeedKm/h, Max Gust SpeedKm/h,Precipitationmm, CloudCover, Events,WindDirDegrees
2012-11-20,30,26,22,21,19,17,88,74,48,1016,1012,1010,19,11,10,23,16,,0.76,4,,274
2012-11-21,26,22,18,19,18,15,94,72,46,1018,1015,1013,19,12,10,24,11,,0.00,2,,136
2012-11-22,28,23,19,20,19,18,94,74,49,1017,1014,1010,19,11,10,24,11,45,0.00,2,,336
2012-11-23,29,26,22,22,21,20,100,78,65,1013,1009,1007,19,10,10,29,18,,0.00,4,Rain,330
2012-11-24,29,26,21,22,20,17,94,81,58,1015,1010,1007,19,11,7,34,16,48,0.25,5,Rain,276
2012-11-25,24,21,17,17,14,13,88,65,42,1020,1017,1014,19,12,10,27,21,48,0.00,4,,169
2012-11-26,26,21,15,18,16,14,94,69,44,1020,1017,1014,19,12,10,27,10,,0.00,2,,316
2012-11-27,26,23,20,21,19,18,94,76,59,1015,1011,1005,19,11,10,26,14,,1.02,4,Rain,328
2012-11-28,29,24,18,20,18,15,94,69,42,1012,1008,1005,19,12,10,23,11,,0.00,2,,215
2012-11-29,28,23,18,22,19,16,94,76,45,1017,1014,1011,19,12,10,23,8,,0.00,2,,123
2012-11-30,26,23,21,22,21,19,94,79,59,1019,1017,1016,19,11,10,23,10,,0.00,4,,5
2012-12-1,28,25,22,22,21,20,100,77,56,1016,1014,1011,19,11,5,27,18,,4.06,4,Rain-Thunderstorm,350
2012-12-2,26,24,22,23,22,21,94,88,74,1014,1012,1010,19,10,3,27,14,,0.51,4,Rain-Thunderstorm,164
2012-12-3,29,26,21,22,22,21,100,81,55,1014,1013,1011,19,11,10,26,8,37,0.00,4,,339
2012-12-4,30,27,23,23,22,21,89,76,59,1015,1013,1012,19,12,10,29,19,,0.00,3,,341
2012-12-5,30,27,24,23,23,22,94,78,58,1015,1011,1008,19,11,10,24,16,,0.00,4,,341
2012-12-6,33,28,22,25,22,19,94,78,55,1013,1009,1004,19,11,10,24,18,,0.00,3,Rain,335
2012-12-7,37,31,26,24,23,22,89,71,42,1014,1005,1003,19,11,10,26,18,,0.00,2,,337
2012-12-8,25,23,22,24,19,17,89,72,51,1015,1012,1008,19,11,10,23,10,,0.00,5,,170
2012-12-9,29,25,21,21,18,13,88,65,37,1015,1013,1012,19,11,10,23,8,,0.00,4,,42
2012-12-10,32,28,23,23,21,19,83,70,50,1013,1007,1003,19,11,10,29,19,,0.00,3,,341
2012-12-11,31,27,24,24,21,17,94,74,49,1006,1002,999,19,11,3,34,24,55,0.00,4,Rain-Thunderstorm,292
2012-12-12,28,25,22,23,20,18,89,73,58,1010,1008,1006,19,10,4,27,10,35,2.03,5,Rain,331
2012-12-13,26,16,5,23,22,19,94,85,74,1010,1008,1005,19,11,5,26,16,,2.03,4,Rain-Thunderstorm,25
2012-12-14,26,24,22,22,21,19,94,79,65,1012,1011,1010,19,11,10,26,13,,0.00,4,,156
2012-12-15,26,23,22,23,22,20,100,88,77,1011,1010,1008,19,10,3,14,8,,4.06,6,Rain,170
2012-12-16,26,24,22,24,23,22,100,90,78,1010,1007,1005,19,11,10,16,6,,2.03,6,,93
2012-12-17,31,28,24,24,22,18,94,74,40,1008,1005,1002,19,12,10,29,13,,0.00,3,,85
2012-12-18,30,26,22,22,21,19,94,75,55,1011,1009,1008,19,12,10,23,10,,0.00,1,,99
2012-12-19,29,26,22,24,23,21,94,83,66,1011,1010,1007,19,11,10,24,6,,0.00,5,Rain-Thunderstorm,347
2012-12-20,31,28,24,25,23,21,94,75,61,1009,1007,1005,19,12,10,40,21,60,0.51,2,Thunderstorm,334
2012-12-21,30,26,22,25,22,20,94,79,55,1015,1011,1008,19,11,1,29,14,52,9.91,4,Rain-Thunderstorm,191
2012-12-22,26,23,21,21,19,18,94,79,59,1020,1017,1015,19,11,8,27,18,,0.25,5,,178
2012-12-23,28,23,19,20,19,18,94,74,49,1020,1017,1014,19,12,10,23,8,,0.00,2,,329
2012-12-24,32,27,22,23,21,19,83,70,47,1016,1011,1008,19,12,10,26,18,,0.00,2,,335
2012-12-25,35,30,25,26,25,23,100,76,55,1008,1005,1002,19,11,5,26,23,,0.00,3,,331
2012-12-26,38,31,24,25,23,19,84,67,30,1013,1007,1003,19,12,9,52,16,84,0.00,4,Thunderstorm,275
2012-12-27,24,22,21,22,20,19,100,85,73,1015,1013,1011,19,9,3,16,13,,4.06,6,Rain-Thunderstorm,166
2012-12-28,28,24,21,23,22,19,100,86,70,1014,1010,1008,19,9,3,24,8,,7.11,5,Rain,97
2012-12-29,26,24,22,22,21,19,94,84,73,1015,1012,1010,19,11,10,19,11,,1.02,6,Rain,184
2012-12-30,29,25,21,23,22,21,100,86,70,1015,1013,1011,19,11,10,16,5,27,0.25,5,,21
2012-12-31,29,28,26,24,23,23,94,81,65,1015,1012,1008,19,11,10,26,13,,0.00,5,,346
2013-1-1,31,26,22,23,21,19,89,76,58,1015,1009,1004,19,11,10,32,21,52,0.51,5,Rain,286
2013-1-2,24,22,20,18,16,15,88,69,53,1020,1018,1016,19,11,10,26,19,,0.00,6,,183
2013-1-3,25,22,20,18,16,15,83,67,51,1022,1021,1019,19,11,10,14,8,,0.00,6,,168
2013-1-4,25,22,19,21,19,17,94,81,57,1022,1021,1019,19,10,4,16,6,,0.25,6,Rain,328
2013-1-5,28,24,21,23,22,20,100,85,63,1019,1016,1012,19,10,3,27,11,,0.00,6,Rain,319
2013-1-6,28,24,22,24,22,21,94,85,74,1014,1010,1006,19,10,1,26,18,47,0.00,4,Rain-Thunderstorm,342
2013-1-7,32,27,21,23,22,20,94,74,50,1008,1006,1005,19,13,10,19,8,,0.00,1,,316
2013-1-8,29,26,23,24,23,22,100,87,70,1010,1007,1004,19,9,1,34,11,35,4.06,5,Rain-Thunderstorm,295
2013-1-9,27,24,21,23,22,20,94,80,65,1016,1012,1009,19,11,4,39,16,61,0.00,4,Rain,186
2013-1-10,27,24,22,21,19,16,88,71,49,1017,1016,1015,19,11,10,34,24,58,0.00,2,,173
2013-1-11,27,23,20,18,16,15,78,64,51,1017,1015,1013,19,11,10,34,19,55,0.00,3,,182
2013-1-12,26,22,18,18,17,15,83,67,51,1016,1014,1011,19,11,10,23,11,,0.00,3,,168
2013-1-13,28,23,19,20,18,16,88,71,50,1017,1015,1014,19,11,10,26,8,,0.00,3,,120
2013-1-14,27,23,19,21,19,18,94,84,60,1017,1015,1013,19,10,3,21,5,,0.00,6,Rain,197
2013-1-15,27,24,22,22,21,14,94,81,50,1014,1012,1009,19,11,10,26,11,,0.00,5,,181
2013-1-16,27,23,19,22,21,19,94,81,65,1011,1009,1008,19,11,10,21,8,,0.00,3,,187
2013-1-17,29,24,21,22,21,20,94,81,59,1012,1009,1008,19,11,10,23,6,,0.00,1,,159
2013-1-18,28,24,22,23,21,20,94,85,70,1011,1010,1009,19,11,3,21,6,,7.11,3,Rain-Thunderstorm,191
2013-1-19,27,23,20,20,19,18,100,76,53,1014,1012,1010,19,11,2,35,13,48,0.00,2,,188
2013-1-20,27,23,20,20,19,18,94,79,58,1018,1015,1013,19,11,3,34,18,48,4.06,3,Rain,167
2013-1-21,26,23,20,20,18,16,100,76,44,1022,1020,1018,19,11,8,29,13,,11.94,6,Rain,152
2013-1-22,27,23,19,21,19,17,100,80,50,1022,1020,1019,19,10,3,23,8,,1.02,4,Rain,107
2013-1-23,27,23,18,21,19,17,100,78,60,1020,1017,1013,19,11,10,24,8,,0.00,4,,325
2013-1-24,31,27,22,23,21,19,83,71,50,1014,1009,1005,19,11,10,27,18,,0.00,3,,331
2013-1-25,32,29,25,24,22,20,94,71,43,1008,1005,1003,19,11,10,27,18,,0.00,4,,330
2013-1-26,26,23,21,21,17,15,83,66,49,1016,1011,1001,19,11,10,32,23,45,0.00,5,,172
2013-1-27,25,22,19,18,16,15,78,66,52,1018,1016,1015,19,11,10,13,8,,0.00,6,,191
2013-1-28,29,24,21,21,19,18,88,72,53,1019,1017,1016,19,11,10,23,8,,0.00,4,,17
2013-1-29,28,25,22,21,21,19,94,74,56,1019,1017,1016,19,11,10,24,10,,0.00,4,,41
2013-1-30,30,24,19,20,19,16,94,69,45,1018,1016,1014,19,12,10,23,10,,0.00,3,,352
2013-1-31,30,27,23,22,22,20,88,74,58,1015,1013,1011,19,11,10,27,13,,0.00,5,,343
2013-2-1,31,28,24,23,23,22,89,74,53,1014,1012,1010,19,11,10,29,21,,0.00,3,,343
2013-2-2,33,28,22,25,23,21,100,81,56,1013,1011,1008,19,10,2,34,21,52,0.00,4,Rain-Thunderstorm,345
2013-2-3,26,23,20,23,21,20,100,85,67,1011,1010,1008,19,9,2,23,13,37,11.94,4,Rain,189
2013-2-4,25,22,18,19,17,15,94,69,44,1015,1013,1010,19,11,8,29,23,47,10.92,4,Rain,185
2013-2-5,26,22,19,20,18,16,94,80,58,1017,1015,1014,19,10,3,16,8,,1.02,6,Rain,179
2013-2-6,24,22,19,20,19,18,100,81,60,1018,1017,1016,19,11,6,23,8,,4.06,6,Rain,118
2013-2-7,25,22,18,19,18,18,94,78,61,1019,1017,1015,19,11,10,19,6,,0.00,4,,151
2013-2-8,24,22,20,23,21,19,100,94,83,1017,1015,1014,19,6,1,24,8,,48.01,7,Rain,187
2013-2-9,28,24,21,23,22,21,100,86,65,1015,1014,1012,19,11,4,24,8,,28.96,4,Rain,333
2013-2-10,29,24,21,24,22,19,94,86,66,1014,1012,1009,19,10,0,66,13,98,1.02,5,Rain-Thunderstorm,339
2013-2-11,32,28,23,24,22,21,89,75,47,1011,1009,1006,19,11,10,19,11,,0.00,2,Thunderstorm,332
2013-2-12,28,26,23,24,23,22,100,87,74,1010,1007,1005,19,11,3,14,10,,5.08,4,Rain-Thunderstorm,336
2013-2-13,32,28,24,24,23,21,94,76,52,1011,1009,1008,19,11,9,23,13,,3.05,2,Rain,298
2013-2-14,29,26,22,24,23,21,94,82,60,1012,1011,1009,19,11,8,19,6,,4.06,3,Rain-Thunderstorm,261
2013-2-15,30,26,21,24,22,18,100,87,55,1018,1011,1007,19,10,1,27,11,47,10.92,4,Rain-Thunderstorm,256
2013-2-16,29,26,22,24,23,21,100,86,62,1010,1008,1007,19,11,9,19,6,,1.02,2,Rain,204
2013-2-17,33,29,24,25,23,20,94,78,52,1011,1008,1006,19,11,10,35,11,58,0.76,3,Rain-Thunderstorm,304
2013-2-18,33,29,25,25,23,21,94,75,50,1014,1010,1006,19,11,10,23,14,,0.00,2,Thunderstorm,288
2013-2-19,30,27,23,25,23,22,94,82,66,1015,1013,1012,19,11,10,19,8,,0.00,3,,186
2013-2-20,31,27,23,24,24,23,100,82,62,1015,1013,1011,19,11,10,24,5,,0.00,3,Thunderstorm,342
2013-2-21,33,29,26,25,24,22,89,77,63,1013,1010,1007,19,11,10,26,13,,0.00,3,Thunderstorm,331
2013-2-22,27,24,22,24,21,17,89,73,52,1019,1015,1010,19,11,10,40,19,60,0.00,3,,182
2013-2-23,27,23,21,21,19,18,94,77,56,1020,1017,1016,19,11,10,21,13,,0.00,5,Rain,172
2013-2-24,31,26,21,24,21,19,94,74,49,1017,1013,1009,19,12,10,27,10,40,0.00,2,,331
2013-2-25,34,28,22,25,23,19,100,79,56,1014,1009,1006,19,10,0,32,14,63,23.11,4,Rain-Thunderstorm,291
2013-2-26,27,23,21,23,21,19,94,83,60,1014,1010,1007,19,11,10,21,10,,0.00,6,,192
2013-2-27,26,23,21,19,17,16,83,68,51,1017,1015,1012,19,11,10,21,11,,0.00,6,,174
2013-2-28,27,24,21,22,19,17,94,74,53,1018,1016,1013,19,11,10,16,8,,0.00,5,,283
2013-3-1,29,26,22,23,21,16,94,75,45,1017,1015,1014,19,11,10,26,10,,0.00,3,,329
2013-3-2,29,27,24,23,21,19,83,71,57,1017,1016,1014,19,11,10,27,14,,0.25,2,,351
2013-3-3,32,28,24,24,23,22,89,76,48,1016,1013,1010,19,13,10,24,18,,0.00,4,Rain,333
2013-3-4,28,24,22,24,22,19,100,87,77,1013,1011,1010,19,10,2,29,13,,7.87,4,Rain-Thunderstorm,177
2013-3-5,21,19,18,20,18,17,100,90,81,1014,1012,1011,19,8,3,21,10,,20.07,7,Rain,179
2013-3-6,25,21,18,21,19,18,100,87,69,1016,1013,1011,19,11,9,14,6,,0.00,6,Rain,208
2013-3-7,26,23,21,23,22,20,100,88,73,1017,1015,1014,19,10,4,19,6,,1.02,6,Rain,343
2013-3-8,29,26,22,25,23,22,100,89,70,1017,1015,1012,19,9,3,16,8,,5.08,4,Rain-Thunderstorm,300
2013-3-9,27,24,22,24,23,21,100,92,78,1014,1012,1009,19,9,0,23,10,,67.06,6,Rain-Thunderstorm,318
2013-3-10,29,26,22,23,22,21,94,76,53,1009,1006,1003,19,11,10,21,13,,0.00,2,,120
2013-3-11,27,23,19,24,22,17,100,85,70,1017,1011,1007,19,10,4,21,10,,0.00,6,Rain-Thunderstorm,81
2013-3-12,31,27,23,24,23,21,100,84,62,1009,1006,1003,19,9,0,23,11,,19.05,5,Rain-Thunderstorm,351
2013-3-13,25,23,22,22,19,17,94,78,68,1014,1008,1003,19,11,10,29,14,47,0.00,5,,188
2013-3-14,24,22,20,17,17,16,83,70,53,1020,1017,1015,19,11,10,27,18,,0.51,6,,188
2013-3-15,21,20,19,21,19,18,100,95,88,1020,1019,1017,14,7,2,11,5,,7.11,7,Rain,232
2013-3-16,24,22,20,23,21,17,100,89,73,1019,1017,1016,19,9,3,29,8,53,1.02,6,Rain,186
2013-3-17,23,22,20,18,16,14,88,73,56,1023,1020,1018,19,11,10,32,24,52,0.00,4,,189
2013-3-18,22,20,18,18,16,12,100,83,56,1023,1022,1020,19,7,2,23,11,,7.87,6,Rain,204
2013-3-19,22,20,18,19,18,17,100,89,78,1022,1020,1019,14,9,3,19,8,,7.11,6,Rain,181
2013-3-20,23,21,19,21,20,19,94,88,78,1019,1014,1011,10,5,2,137,16,45,8.89,6,Rain,40
2013-3-21,29,26,22,23,22,21,100,85,61,1011,1009,1007,19,10,1,34,21,53,0.00,4,Rain-Thunderstorm,345
2013-3-22,27,22,18,21,19,17,94,80,64,1018,1014,1011,19,12,10,24,8,,0.00,3,,173
2013-3-23,25,22,19,19,18,16,94,73,56,1019,1018,1017,19,11,10,21,11,,0.00,4,,165
2013-3-24,23,20,17,19,17,15,100,82,56,1018,1016,1013,19,11,10,13,5,,4.06,4,Rain,242
2013-3-25,25,21,18,21,19,17,94,82,64,1015,1014,1013,19,11,10,14,10,,0.00,6,,314
2013-3-26,28,24,20,22,20,18,94,82,63,1015,1013,1010,19,11,4,24,10,,4.06,5,Rain-Thunderstorm,273
2013-3-27,26,23,20,17,16,12,78,65,42,1015,1014,1012,19,12,10,32,14,34,0.00,1,,173
2013-3-28,26,23,20,19,17,15,83,73,49,1019,1016,1013,19,11,10,32,14,50,0.00,2,,194
2013-3-29,25,22,19,19,18,17,88,77,64,1022,1020,1018,19,11,10,26,14,,0.00,3,,161
2013-3-30,24,22,19,21,19,18,100,86,73,1022,1021,1020,19,10,3,19,8,,0.25,5,Rain,83
2013-3-31,28,23,19,22,21,19,94,82,55,1021,1019,1017,19,11,5,19,6,,0.00,3,Rain,336
2013-4-1,30,26,21,23,21,19,94,81,51,1018,1017,1015,19,11,10,16,11,,0.00,2,,322
2013-4-2,25,23,22,23,22,21,100,91,83,1017,1016,1015,19,11,8,11,5,,2.03,5,Rain,323
2013-4-3,26,23,22,23,22,21,100,90,78,1017,1016,1015,14,10,7,21,8,,27.94,6,Rain,86
2013-4-4,28,26,22,23,22,22,100,87,59,1015,1010,1005,19,9,1,32,14,,20.07,5,Rain-Thunderstorm,7
2013-4-5,29,26,21,23,21,18,94,78,48,1009,1005,1001,19,11,3,27,14,,0.00,3,Rain,22
2013-4-6,28,23,19,19,16,12,88,65,28,1014,1011,1009,19,19,19,14,8,,0.00,,,290
2013-4-7,27,22,16,21,18,15,94,78,54,1016,1015,1013,19,13,10,19,8,,0.00,2,,204
2013-4-8,27,23,20,20,19,18,94,81,48,1018,1016,1015,19,11,10,16,6,,0.00,3,,305
2013-4-9,26,22,19,21,19,18,100,84,66,1019,1017,1016,19,9,3,19,8,47,33.02,3,Rain-Thunderstorm,40
2013-4-10,23,21,19,21,20,19,100,91,73,1019,1017,1016,19,7,3,14,6,,2.03,6,Rain,244
2013-4-11,27,23,19,22,21,19,100,83,63,1018,1016,1013,19,11,10,27,8,,0.00,4,,336
2013-4-12,27,24,23,23,22,19,94,85,73,1013,1010,1008,19,11,10,29,19,45,0.25,4,,348
2013-4-13,22,20,18,20,16,12,88,73,60,1016,1012,1009,19,11,10,34,18,61,0.00,5,,178
2013-4-14,21,17,13,14,12,9,94,71,40,1019,1017,1014,19,14,10,16,11,,0.00,2,,196
2013-4-15,26,19,13,15,12,7,94,69,32,1018,1015,1011,19,19,19,13,8,,0.00,,,292
2013-4-16,23,19,15,17,13,11,94,69,42,1016,1012,1010,19,11,10,34,10,48,0.00,1,,198
2013-4-17,24,19,13,17,14,11,94,70,53,1019,1017,1015,19,15,10,21,10,,0.00,1,,200
2013-4-18,24,20,17,17,16,15,94,79,57,1020,1018,1016,19,11,10,21,8,,0.00,3,,199
2013-4-19,23,19,16,18,17,15,94,83,65,1022,1019,1017,19,12,10,23,6,,0.00,2,,199
2013-4-20,25,20,14,18,15,12,100,77,48,1022,1020,1019,19,13,10,19,8,,0.00,1,,218
2013-4-21,24,21,17,18,17,15,94,81,52,1024,1022,1020,19,12,10,16,6,,0.00,2,,198
2013-4-22,25,21,17,17,17,16,94,79,51,1026,1024,1023,19,11,10,14,5,,0.00,3,,228
2013-4-23,25,20,15,18,17,15,100,81,54,1025,1024,1022,19,11,10,19,5,,0.00,3,,351
2013-4-24,26,22,18,19,18,17,100,79,53,1023,1022,1020,19,12,10,21,3,,0.00,4,,329
2013-4-25,25,22,19,20,18,16,94,78,57,1022,1020,1019,19,11,10,21,8,,0.00,3,,317
2013-4-26,27,23,19,19,17,13,94,71,36,1020,1017,1015,19,13,10,14,10,,0.00,2,,279
2013-4-27,26,21,16,19,17,15,100,78,51,1020,1018,1016,19,15,10,16,5,,0.00,4,,254
2013-4-28,26,22,18,19,18,16,94,76,54,1020,1017,1015,19,13,10,24,8,,0.00,4,,335
2013-4-29,26,23,20,21,19,18,94,79,57,1016,1014,1013,19,13,10,34,19,,2.03,4,,327
2013-4-30,28,23,18,20,18,17,94,81,54,1017,1015,1013,19,13,10,21,8,,0.00,2,,134
2013-5-1,24,22,21,20,19,19,94,83,69,1020,1018,1017,19,11,10,19,8,,0.00,6,,130
2013-5-2,29,26,22,22,21,20,94,80,56,1018,1015,1013,19,13,10,24,14,,0.00,4,,343
2013-5-3,28,25,22,22,22,21,94,83,63,1014,1011,1008,19,11,9,32,19,,0.00,2,,338
2013-5-4,26,23,21,22,20,17,94,81,60,1015,1011,1008,19,12,10,29,19,,0.00,4,,136
2013-5-5,20,18,17,17,16,14,94,83,73,1017,1015,1014,19,9,3,19,10,32,7.87,7,Rain,171
2013-5-6,23,19,14,14,13,10,94,72,44,1018,1016,1014,19,11,10,16,8,,0.00,3,,226
2013-5-7,25,19,12,14,10,7,94,65,38,1019,1015,1011,19,13,10,39,13,71,0.00,2,,268
2013-5-8,21,16,10,11,6,-3,82,57,15,1023,1020,1018,19,19,19,14,10,,0.00,,,295
2013-5-9,23,16,9,13,10,6,94,69,33,1022,1020,1019,19,19,19,16,8,,0.00,,,257
2013-5-10,24,16,8,17,13,8,100,76,44,1023,1021,1019,19,16,10,24,8,29,0.00,2,,324
2013-5-11,25,20,16,19,17,15,100,80,53,1022,1019,1017,19,12,10,29,11,,0.00,2,,335
2013-5-12,25,22,19,20,18,18,94,80,56,1018,1016,1014,19,12,10,21,11,,0.00,4,,329
2013-5-13,25,21,17,21,19,17,94,88,69,1018,1016,1014,19,11,10,13,6,,0.00,6,,341
2013-5-14,26,24,20,21,21,19,94,84,61,1015,1014,1012,19,11,7,21,13,,0.00,5,,331
2013-5-15,26,22,18,21,18,17,100,77,53,1014,1011,1008,19,11,10,27,10,,0.00,4,,334
2013-5-16,18,16,13,19,12,5,94,73,44,1025,1018,1011,19,11,5,34,16,52,0.00,6,Rain,151
2013-5-17,19,16,12,12,9,5,77,63,48,1027,1025,1024,19,12,10,23,11,,0.00,5,,181
2013-5-18,20,17,14,16,14,12,94,82,61,1026,1025,1024,19,10,3,10,5,,0.00,6,Rain,227
2013-5-19,21,19,17,18,17,16,94,89,70,1024,1021,1019,19,11,4,16,8,,11.94,6,Rain,310
2013-5-20,22,20,18,19,18,18,100,91,78,1019,1016,1013,19,10,4,16,6,,0.00,5,Rain,134
2013-5-21,21,18,15,18,17,14,100,90,71,1016,1015,1013,19,11,1,14,3,,0.00,4,Fog,157
2013-5-22,19,17,16,16,14,13,88,81,75,1018,1016,1015,19,11,10,23,8,,0.00,6,,167
2013-5-23,21,18,14,16,14,13,94,81,68,1020,1018,1017,19,11,10,13,10,,0.00,4,,195
2013-5-24,22,18,13,16,15,13,100,83,58,1020,1019,1017,19,11,10,16,6,,0.00,4,,315
2013-5-25,22,17,13,16,14,12,100,83,67,1022,1020,1018,19,12,10,16,8,,0.00,3,,140
2013-5-26,22,18,14,17,15,13,94,81,57,1022,1020,1018,19,11,10,16,5,,0.00,3,,337
2013-5-27,23,19,16,18,17,14,100,87,61,1021,1016,1011,19,11,7,24,8,,0.00,5,Fog,299
2013-5-28,22,18,13,18,16,13,100,87,66,1012,1009,1004,19,11,10,27,8,,0.00,2,,322
2013-5-29,27,22,18,18,17,16,94,78,51,1008,1005,1002,19,10,3,27,19,47,5.08,2,Rain-Thunderstorm,335
2013-5-30,22,17,12,17,11,6,94,67,27,1019,1013,1005,19,12,10,23,11,,0.00,3,,285
2013-5-31,21,16,10,14,11,7,93,71,40,1022,1019,1017,19,14,10,24,6,,0.00,3,,324
2013-6-1,24,20,16,17,16,14,100,80,56,1017,1015,1012,19,8,1,27,16,,16.00,5,Rain-Thunderstorm,346
2013-6-2,22,19,16,18,17,14,100,89,73,1018,1014,1010,19,10,6,19,10,,0.00,6,Rain,133
2013-6-3,21,18,15,15,14,13,94,78,64,1022,1020,1017,19,11,10,21,10,,0.00,3,,126
2013-6-4,22,18,13,17,15,12,100,82,54,1022,1020,1018,19,12,10,23,10,,0.00,2,,333
2013-6-5,24,18,12,17,13,10,94,74,43,1019,1017,1014,19,19,19,23,11,,0.00,,,314
2013-6-6,26,21,16,16,13,9,88,67,36,1019,1016,1014,19,16,10,27,18,,0.00,1,,335
2013-6-7,21,18,15,16,14,13,88,80,67,1023,1021,1019,19,12,10,16,10,,0.00,4,,155
2013-6-8,23,19,15,16,14,12,94,80,56,1025,1023,1022,19,12,10,23,6,,0.00,3,,170
2013-6-9,23,19,14,17,15,13,94,79,52,1025,1022,1019,19,11,10,19,8,,0.00,2,,352
2013-6-10,23,20,16,18,16,14,94,82,68,1020,1019,1017,19,11,10,19,8,,0.00,4,,312
2013-6-11,23,18,13,17,16,13,100,87,61,1022,1021,1019,19,12,10,14,3,,0.00,2,,100
2013-6-12,22,20,17,19,18,17,100,91,76,1022,1020,1019,19,10,5,11,3,,0.00,5,Rain,106
2013-6-13,21,19,17,18,17,16,100,91,78,1021,1019,1017,19,8,3,14,5,,0.00,4,Fog,117
2013-6-14,21,18,16,18,16,14,100,89,73,1020,1018,1016,19,9,3,21,6,,0.00,4,,164
2013-6-15,18,17,16,15,14,13,94,80,68,1022,1020,1019,19,10,9,27,14,,0.51,7,Rain,198
2013-6-16,20,18,15,18,16,15,100,93,82,1020,1016,1014,19,8,2,14,5,,1.02,7,Rain,324
2013-6-17,22,19,17,18,16,13,100,83,62,1018,1014,1012,19,10,5,21,10,,0.00,5,Rain,170
2013-6-18,22,19,16,18,16,14,94,80,56,1020,1018,1016,19,12,10,19,8,,1.02,4,,3
2013-6-19,21,19,18,19,17,14,100,90,70,1019,1017,1015,18,7,3,26,11,48,0.00,6,Rain,298
2013-6-20,17,16,15,15,14,14,100,89,77,1022,1019,1017,19,7,3,23,18,,7.11,7,Rain,192
2013-6-21,20,18,15,19,17,14,100,95,90,1016,1009,1003,14,8,3,27,16,45,5.08,7,Rain,323
2013-6-22,22,17,12,16,12,9,94,72,43,1019,1011,1004,19,13,10,24,14,,0.00,5,,327
2013-6-23,19,14,10,13,11,8,94,79,49,1025,1023,1020,19,12,10,13,6,,0.00,2,,284
2013-6-24,18,16,14,18,15,13,100,95,88,1024,1022,1020,19,7,2,11,6,,6.10,6,Rain,300
2013-6-25,21,19,17,18,18,17,100,92,78,1018,1016,1013,19,10,4,23,13,,0.00,7,Rain,350
2013-6-26,19,17,15,18,16,14,100,89,83,1019,1016,1014,19,11,7,19,6,,3.05,6,Rain,128
2013-6-27,16,16,14,14,13,13,94,87,73,1021,1020,1019,19,9,5,14,8,,0.00,7,Rain,138
2013-6-28,22,18,14,17,15,1,100,82,36,1019,1016,1013,19,11,10,19,6,,0.00,2,,351
2013-6-29,23,19,16,19,17,13,100,87,67,1014,1010,1007,19,11,5,24,14,42,0.25,4,Rain,351
2013-6-30,17,16,14,14,11,9,88,74,50,1021,1018,1014,19,11,6,19,13,37,1.02,6,Rain,151
2013-7-1,17,16,14,12,11,9,82,71,59,1024,1022,1020,19,11,10,19,11,,0.00,6,,183
2013-7-2,18,14,11,12,11,9,94,82,54,1026,1024,1023,19,13,10,11,6,,0.00,4,,321
2013-7-3,20,16,12,17,14,12,94,82,64,1025,1024,1022,19,11,5,14,10,,0.25,6,Rain,335
2013-7-4,22,20,18,18,18,17,94,88,66,1026,1024,1022,19,11,10,21,11,,0.00,5,,341
2013-7-5,24,20,17,17,17,15,100,84,55,1024,1021,1017,19,12,5,29,18,,0.00,2,Fog,346
2013-7-6,28,22,17,18,17,17,100,84,45,1018,1015,1013,19,7,0,26,19,,0.00,2,Fog,336
2013-7-7,23,19,15,19,16,12,100,87,78,1021,1016,1011,19,11,6,26,13,45,0.25,4,,165
2013-7-8,18,16,13,12,11,10,88,74,56,1028,1025,1021,19,10,5,24,16,,0.00,6,Rain,171
2013-7-9,17,16,14,16,14,12,100,91,77,1030,1028,1026,19,8,3,13,5,,0.51,6,Rain,318
2013-7-10,22,19,16,17,16,15,88,78,58,1027,1024,1022,19,13,10,27,14,,0.00,4,,343
2013-7-11,22,19,17,17,16,15,100,85,64,1024,1022,1020,19,13,10,27,19,,0.00,2,,345
2013-7-12,24,21,16,17,16,14,100,83,53,1022,1019,1016,19,12,10,43,16,,0.00,3,,340
2013-7-13,25,19,13,18,16,13,100,86,61,1019,1017,1014,19,19,19,21,8,,0.00,,,269
2013-7-14,25,21,16,18,17,15,100,86,54,1017,1015,1014,19,11,7,21,6,,0.76,6,,155
2013-7-15,17,15,13,16,11,8,94,75,58,1021,1018,1015,19,11,7,35,18,40,0.00,4,Rain,167
2013-7-16,18,14,9,13,11,8,94,80,49,1022,1020,1018,19,12,10,21,8,,0.00,3,,242
2013-7-17,24,17,9,16,12,9,100,78,29,1020,1016,1012,19,19,19,21,10,,0.00,,,319
2013-7-18,28,22,15,16,14,11,100,70,25,1014,1010,1006,19,13,10,37,18,55,0.00,3,Thunderstorm,291
2013-7-19,13,12,11,12,9,8,94,83,67,1020,1017,1014,19,9,3,37,21,55,3.05,6,Rain-Thunderstorm,174
2013-7-20,17,14,11,15,13,10,100,92,76,1017,1010,1005,19,8,3,24,10,,3.05,6,Rain,340
2013-7-21,15,13,12,14,12,9,100,90,82,1017,1011,1006,19,8,4,19,11,,1.02,6,Rain,159
2013-7-22,11,9,7,10,8,6,93,87,74,1023,1019,1017,19,9,4,23,13,,22.10,6,Rain,161
2013-7-23,13,9,5,7,5,3,93,82,51,1026,1023,1021,19,9,5,19,10,,0.00,5,Rain,299
2013-7-24,13,8,3,7,4,2,87,73,49,1029,1028,1026,19,13,10,19,11,,1.02,6,Rain,192
2013-7-25,16,12,9,9,6,3,72,64,43,1030,1028,1027,19,12,10,24,16,40,0.00,5,,208
2013-7-26,20,16,11,10,9,8,88,65,43,1031,1030,1029,19,14,10,21,14,,0.00,1,,189
2013-7-27,19,13,7,13,9,6,94,79,46,1029,1025,1022,19,19,19,19,6,,0.00,,,332
2013-7-28,21,13,7,13,11,7,100,83,49,1023,1022,1020,19,19,19,19,8,,0.00,,,294
2013-7-29,21,14,8,12,9,7,100,77,34,1026,1024,1022,19,19,19,11,6,,0.00,,,282
2013-7-30,21,14,8,13,11,7,100,81,46,1025,1023,1021,19,19,19,23,6,,0.00,,,323
2013-7-31,20,17,13,14,13,12,100,84,59,1022,1019,1016,19,14,10,32,19,,0.00,2,,341
2013-8-1,29,21,14,16,14,13,100,73,29,1017,1015,1012,19,10,2,27,16,,0.00,3,Fog,327
2013-8-2,29,22,14,16,15,14,94,71,29,1015,1012,1009,19,19,19,29,11,,0.00,,,325
2013-8-3,21,18,14,17,14,10,100,82,63,1017,1014,1011,19,12,10,26,11,,0.76,4,Rain,142
2013-8-4,22,18,14,17,14,12,100,88,73,1020,1016,1013,19,9,5,37,10,,0.00,4,Rain-Thunderstorm,356
2013-8-5,18,13,9,14,12,9,100,84,68,1024,1021,1019,19,11,10,26,8,,0.00,3,,313
2013-8-6,21,18,15,17,13,8,94,74,49,1022,1020,1016,19,11,10,34,14,,0.00,5,Rain,77
2013-8-7,23,17,10,16,12,9,94,77,44,1022,1017,1013,19,14,10,27,10,,0.00,1,,14
2013-8-8,21,19,17,17,17,16,100,89,70,1015,1012,1010,19,10,8,24,19,,0.00,5,,336
2013-8-9,21,18,15,16,14,12,94,83,68,1017,1015,1011,19,11,10,27,16,50,0.51,4,Rain,174
2013-8-10,16,15,14,14,13,10,94,86,72,1017,1013,1010,19,9,3,34,18,55,3.05,7,Rain,217
2013-8-11,18,14,11,12,9,7,94,71,49,1020,1016,1012,19,11,10,23,16,,0.00,3,Rain,180
2013-8-12,21,14,9,13,11,8,94,76,56,1019,1016,1012,19,19,19,21,8,,0.00,,,351
2013-8-13,19,16,12,14,12,9,100,86,64,1020,1016,1014,19,10,4,27,10,47,4.06,5,Rain,178
2013-8-14,16,13,11,10,7,5,94,72,43,1026,1023,1019,19,10,6,37,23,61,0.00,5,Rain,207
2013-8-15,18,14,11,9,8,6,82,66,43,1028,1026,1025,19,12,10,26,21,48,0.00,1,,191
2013-8-16,21,14,8,13,10,7,94,76,47,1027,1025,1023,19,12,10,16,8,,0.00,3,,303
2013-8-17,19,16,13,13,11,7,94,71,44,1029,1026,1024,19,11,10,24,10,,0.00,6,,188
2013-8-18,19,16,13,15,13,9,100,79,58,1029,1028,1027,19,9,4,13,6,,5.08,5,Rain,129
2013-8-19,21,18,15,17,16,14,100,91,68,1027,1026,1024,19,9,3,23,6,,1.02,6,Rain,354
2013-8-20,21,18,16,17,16,14,100,84,57,1025,1024,1022,19,10,4,32,13,,0.00,5,Rain,350
2013-8-21,22,19,16,16,15,13,94,76,52,1022,1017,1012,19,13,10,32,14,,0.00,3,,346
2013-8-22,28,22,16,16,14,11,94,66,34,1015,1011,1007,19,13,10,27,16,47,0.00,4,,328
2013-8-23,16,13,11,15,11,8,88,78,64,1022,1017,1012,19,11,9,26,18,,1.02,6,Rain,166
2013-8-24,14,12,11,13,11,8,94,88,75,1024,1021,1020,19,7,3,19,13,,0.76,7,Rain,190
2013-8-25,17,15,13,15,13,12,100,90,72,1020,1018,1015,19,7,2,40,10,69,10.92,6,Rain,188
2013-8-26,14,13,12,12,11,9,94,88,74,1020,1018,1017,19,7,3,34,26,48,5.08,8,Rain,194
2013-8-27,15,12,9,11,9,8,94,83,62,1024,1020,1016,19,10,6,27,16,,0.51,6,Rain,175
2013-8-28,17,13,8,9,8,7,94,76,48,1028,1026,1024,19,13,10,29,8,,0.00,2,,280
2013-8-29,21,15,9,12,9,7,94,71,33,1027,1024,1022,19,19,19,23,14,,0.00,,,339
2013-8-30,22,18,13,14,12,10,88,74,44,1024,1021,1019,19,16,10,29,18,,0.00,1,,341
2013-8-31,21,18,15,15,14,13,94,82,64,1020,1018,1016,10,9,6,27,19,,0.00,2,,343
2013-9-1,22,18,15,16,14,13,94,80,57,1017,1014,1011,10,9,3,26,18,39,0.00,5,Rain,355
2013-9-2,25,19,13,16,14,12,94,74,50,1012,1010,1008,19,11,5,21,8,,1.02,4,Rain-Thunderstorm,316
2013-9-3,22,17,13,17,14,8,94,81,62,1020,1014,1009,19,10,5,39,13,48,0.76,6,Rain-Thunderstorm,201
2013-9-4,16,14,12,10,6,-2,82,58,24,1028,1024,1020,19,12,10,29,19,50,0.00,6,,174
2013-9-5,21,17,12,15,12,9,94,75,50,1028,1026,1023,19,11,10,19,8,,0.00,5,,328
2013-9-6,22,18,15,15,14,14,94,78,53,1027,1024,1022,19,11,10,32,14,45,0.00,4,,350
2013-9-7,22,19,17,16,16,14,94,80,49,1024,1022,1019,19,11,10,34,16,,0.00,4,,354
2013-9-8,25,21,17,17,16,14,88,77,48,1022,1019,1016,19,12,10,24,16,,0.00,3,,337
2013-9-9,24,19,14,19,16,14,100,88,65,1025,1021,1019,19,5,0,16,6,,0.00,3,Fog,127